{
  "ABIRoot": {
    "kind": "Root",
    "name": "TopLevel",
    "printedName": "TopLevel",
    "children": [
      {
        "kind": "Import",
        "name": "UIKit",
        "printedName": "UIKit",
        "declKind": "Import",
        "moduleName": "TiSocial",
        "declAttributes": [
          "RawDocComment"
        ]
      },
      {
        "kind": "Import",
        "name": "TitaniumKit",
        "printedName": "TitaniumKit",
        "declKind": "Import",
        "moduleName": "TiSocial"
      }
    ],
    "json_format_version": 8
  },
  "ConstValues": [
    {
      "filePath": "\/Users\/admin\/Work\/ti.social\/ios\/Classes\/TiSocialModule.swift",
      "kind": "StringLiteral",
      "offset": 837,
      "length": 38,
      "value": "\"2941b716-c044-484f-890c-f815f08c7de8\""
    },
    {
      "filePath": "\/Users\/admin\/Work\/ti.social\/ios\/Classes\/TiSocialModule.swift",
      "kind": "StringLiteral",
      "offset": 934,
      "length": 11,
      "value": "\"ti.social\""
    },
    {
      "filePath": "\/Users\/admin\/Work\/ti.social\/ios\/Classes\/TiSocialModule.swift",
      "kind": "StringLiteral",
      "offset": 1014,
      "length": 24,
      "value": "\"[DEBUG] \""
    },
    {
      "filePath": "\/Users\/admin\/Work\/ti.social\/ios\/Classes\/TiSocialModule.swift",
      "kind": "StringLiteral",
      "offset": 1030,
      "length": 6,
      "value": "\" loaded\""
    },
    {
      "filePath": "\/Users\/admin\/Work\/ti.social\/ios\/Classes\/TiSocialModule.swift",
      "kind": "StringLiteral",
      "offset": 1228,
      "length": 9,
      "value": "\"message\""
    },
    {
      "filePath": "\/Users\/admin\/Work\/ti.social\/ios\/Classes\/TiSocialModule.swift",
      "kind": "StringLiteral",
      "offset": 1283,
      "length": 6,
      "value": "\"file\""
    },
    {
      "filePath": "\/Users\/admin\/Work\/ti.social\/ios\/Classes\/TiSocialModule.swift",
      "kind": "StringLiteral",
      "offset": 1340,
      "length": 10,
      "value": "\"callback\""
    },
    {
      "filePath": "\/Users\/admin\/Work\/ti.social\/ios\/Classes\/TiSocialModule.swift",
      "kind": "Array",
      "offset": 1392,
      "length": 2,
      "value": "[]"
    },
    {
      "filePath": "\/Users\/admin\/Work\/ti.social\/ios\/Classes\/TiSocialModule.swift",
      "kind": "StringLiteral",
      "offset": 1627,
      "length": 11,
      "value": "\"errorCode\""
    },
    {
      "filePath": "\/Users\/admin\/Work\/ti.social\/ios\/Classes\/TiSocialModule.swift",
      "kind": "IntegerLiteral",
      "offset": 1640,
      "length": 3,
      "value": "500"
    },
    {
      "filePath": "\/Users\/admin\/Work\/ti.social\/ios\/Classes\/TiSocialModule.swift",
      "kind": "StringLiteral",
      "offset": 1659,
      "length": 13,
      "value": "\"errorDomain\""
    },
    {
      "filePath": "\/Users\/admin\/Work\/ti.social\/ios\/Classes\/TiSocialModule.swift",
      "kind": "StringLiteral",
      "offset": 1674,
      "length": 19,
      "value": "\"No items to share\""
    },
    {
      "filePath": "\/Users\/admin\/Work\/ti.social\/ios\/Classes\/TiSocialModule.swift",
      "kind": "StringLiteral",
      "offset": 1702,
      "length": 7,
      "value": "\"error\""
    },
    {
      "filePath": "\/Users\/admin\/Work\/ti.social\/ios\/Classes\/TiSocialModule.swift",
      "kind": "StringLiteral",
      "offset": 1711,
      "length": 19,
      "value": "\"No items to share\""
    },
    {
      "filePath": "\/Users\/admin\/Work\/ti.social\/ios\/Classes\/TiSocialModule.swift",
      "kind": "StringLiteral",
      "offset": 2017,
      "length": 11,
      "value": "\"errorCode\""
    },
    {
      "filePath": "\/Users\/admin\/Work\/ti.social\/ios\/Classes\/TiSocialModule.swift",
      "kind": "StringLiteral",
      "offset": 2071,
      "length": 13,
      "value": "\"errorDomain\""
    },
    {
      "filePath": "\/Users\/admin\/Work\/ti.social\/ios\/Classes\/TiSocialModule.swift",
      "kind": "StringLiteral",
      "offset": 2129,
      "length": 7,
      "value": "\"error\""
    },
    {
      "filePath": "\/Users\/admin\/Work\/ti.social\/ios\/Classes\/TiSocialModule.swift",
      "kind": "StringLiteral",
      "offset": 2181,
      "length": 11,
      "value": "\"completed\""
    },
    {
      "filePath": "\/Users\/admin\/Work\/ti.social\/ios\/Classes\/TiSocialModule.swift",
      "kind": "StringLiteral",
      "offset": 2229,
      "length": 14,
      "value": "\"activityType\""
    },
    {
      "filePath": "\/Users\/admin\/Work\/ti.social\/ios\/Classes\/TiSocialModule.swift",
      "kind": "IntegerLiteral",
      "offset": 2746,
      "length": 1,
      "value": "0"
    },
    {
      "filePath": "\/Users\/admin\/Work\/ti.social\/ios\/Classes\/TiSocialModule.swift",
      "kind": "IntegerLiteral",
      "offset": 2757,
      "length": 1,
      "value": "0"
    },
    {
      "filePath": "\/Users\/admin\/Work\/ti.social\/ios\/Classes\/TiSocialModule.swift",
      "kind": "Array",
      "offset": 2821,
      "length": 2,
      "value": "[]"
    },
    {
      "filePath": "\/Users\/admin\/Work\/ti.social\/ios\/Classes\/TiSocialModule.swift",
      "kind": "BooleanLiteral",
      "offset": 2906,
      "length": 4,
      "value": "true"
    }
  ]
}